p_rainfall,p_cloud cover,p_evapotranspiration,p_min_temp,p_vapour_pressure,p_max_temp,p_wdf,cloud cover,evapotranspiration,min_temp,vapour_pressure,max_temp,wdf,rainfall,p_pond,pond
16,22,4,6,8,21,1,18,5,9,8,24,1,7,80,70
7,18,5,9,8,24,1,28,6,16,8,31,1,3,70,55
3,28,6,16,8,31,1,24,8,21,8,36,0,0,55,50
0,24,8,21,8,36,0,27,8,26,13,41,1,7,50,50
7,27,8,26,13,41,1,46,8,30,26,42,2,19,50,55
19,46,8,30,26,42,2,64,6,28,32,37,9,149,55,60
149,64,6,28,32,37,9,63,5,25,29,32,11,213,60,87
213,63,5,25,29,32,11,43,6,24,26,34,1,8,87,97
8,43,6,24,26,34,1,18,6,21,15,35,1,3,97,95
3,18,6,21,15,35,1,11,6,14,9,29,0,0,95,93
0,11,6,14,9,29,0,16,5,9,9,25,1,7,93,85
7,16,5,9,9,25,1,22,4,9,9,24,0,0,85,75
0,22,4,9,9,24,0,18,5,11,9,26,0,0,75,68
0,18,5,11,9,26,0,29,6,18,9,34,0,0,68,54
0,29,6,18,9,34,0,24,8,22,9,38,0,0,54,47
0,24,8,22,9,38,0,27,8,26,13,41,0,1,47,42
1,27,8,26,13,41,0,46,8,28,23,40,4,60,42,41
60,46,8,28,23,40,4,64,6,26,29,35,11,271,41,50
271,64,6,26,29,35,11,63,5,26,30,34,8,142,50,83
142,63,5,26,30,34,8,42,6,23,25,33,4,88,83,92
88,42,6,23,25,33,4,18,6,19,14,34,0,1,92,95
1,18,6,19,14,34,0,11,5,13,9,28,0,1,95,90
1,11,5,13,9,28,0,16,4,8,9,23,0,0,90,83
0,16,4,8,9,23,0,22,4,8,8,23,1,2,83,74
2,22,4,8,8,23,1,18,5,9,8,24,1,1,74,66
1,18,5,9,8,24,1,29,6,14,8,30,1,2,66,57
2,29,6,14,8,30,1,24,8,20,8,35,0,0,57,50
0,24,8,20,8,35,0,27,8,25,13,40,1,5,50,45
5,27,8,25,13,40,1,46,8,30,26,42,1,2,45,42
2,46,8,30,26,42,1,64,6,28,32,37,9,203,42,42
203,64,6,28,32,37,9,63,5,25,28,32,10,254,42,85
254,63,5,25,28,32,10,43,6,24,26,34,4,76,85,94
76,43,6,24,26,34,4,18,6,19,14,33,1,10,94,92
10,18,6,19,14,33,1,11,5,12,9,28,0,0,92,84
0,11,5,12,9,28,0,16,4,7,8,23,0,0,84,78
0,16,4,7,8,23,0,22,4,7,8,22,1,3,78,76
3,22,4,7,8,22,1,18,5,10,8,25,1,1,76,70
1,18,5,10,8,25,1,29,6,15,8,31,1,13,70,57
13,29,6,15,8,31,1,24,8,22,9,38,0,0,57,48
0,24,8,22,9,38,0,27,8,25,13,40,1,11,48,41
11,27,8,25,13,40,1,46,8,28,24,40,3,63,41,40
63,46,8,28,24,40,3,64,6,25,27,33,11,307,40,57
307,64,6,25,27,33,11,63,5,24,28,31,10,292,57,84
292,63,5,24,28,31,10,43,6,23,25,33,3,54,84,95
54,43,6,23,25,33,3,18,6,19,14,33,1,3,95,90
3,18,6,19,14,33,1,11,5,12,9,28,1,15,90,83
15,11,5,12,9,28,1,16,4,8,9,24,2,8,83,76
8,16,4,8,9,24,2,22,4,6,7,21,1,13,76,71
13,22,4,6,7,21,1,18,5,5,6,20,1,15,71,65
15,18,5,5,6,20,1,29,6,12,6,28,1,4,65,52
4,29,6,12,6,28,1,24,7,19,7,34,1,3,52,46
3,24,7,19,7,34,1,27,8,27,14,42,0,1,46,41
1,27,8,27,14,42,0,46,8,30,25,42,2,21,41,38
21,46,8,30,25,42,2,64,6,27,30,36,8,127,38,52
127,64,6,27,30,36,8,63,5,26,30,33,5,11,52,79
11,63,5,26,30,33,5,42,6,25,28,35,4,67,79,75
67,42,6,25,28,35,4,18,6,20,14,34,0,0,75,83
0,18,6,20,14,34,0,11,6,15,10,30,0,0,83,76
0,11,6,15,10,30,0,16,5,9,9,24,0,0,76,73
0,16,5,9,9,24,0,22,4,7,8,21,0,0,73,63
0,22,4,7,8,21,0,18,5,8,7,23,1,18,63,56
18,18,5,8,7,23,1,28,6,13,7,29,1,7,56,51
7,28,6,13,7,29,1,24,7,21,8,36,0,0,51,42
0,24,7,21,8,36,0,27,8,28,15,43,0,1,42,39
1,27,8,28,15,43,0,46,8,28,23,39,5,110,39,35
110,46,8,28,23,39,5,64,6,26,29,35,9,167,35,54
167,64,6,26,29,35,9,63,5,25,30,33,7,100,54,69
100,63,5,25,30,33,7,43,6,23,24,33,6,173,69,75
173,43,6,23,24,33,6,18,6,20,14,34,0,0,75,83
0,18,6,20,14,34,0,11,6,14,9,30,0,0,83,78
0,11,6,14,9,30,0,16,4,9,9,24,1,13,78,72
13,16,4,9,9,24,1,22,4,9,9,24,1,6,72,71
6,22,4,9,9,24,1,18,5,8,8,23,2,42,71,67
42,18,5,8,8,23,2,29,6,13,7,29,1,2,67,76
2,29,6,13,7,29,1,24,7,19,8,35,2,24,76,62
24,24,7,19,8,35,2,27,8,24,12,39,1,10,62,57
10,27,8,24,12,39,1,46,8,29,24,41,2,12,57,51
12,46,8,29,24,41,2,64,6,29,33,37,7,84,51,48
84,64,6,29,33,37,7,63,5,24,28,32,13,386,48,67
386,63,5,24,28,32,13,43,6,24,27,34,0,1,67,88
1,43,6,24,27,34,0,19,6,20,14,34,0,0,88,75
0,19,6,20,14,34,0,12,6,13,9,29,0,0,75,69
0,12,6,13,9,29,0,16,4,7,8,22,0,0,69,65
0,16,4,7,8,22,0,22,4,7,8,22,1,22,65,62
22,22,4,7,8,22,1,18,5,10,8,25,0,0,62,66
0,18,5,10,8,25,0,29,6,15,8,31,0,0,66,58
0,29,6,15,8,31,0,24,8,22,9,37,1,1,58,51
1,24,8,22,9,37,1,27,8,26,13,40,1,9,51,45
9,27,8,26,13,40,1,46,8,29,25,41,2,26,45,42
26,46,8,29,25,41,2,64,6,25,28,33,15,538,42,51
538,64,6,25,28,33,15,63,5,24,28,31,13,413,51,91
413,63,5,24,28,31,13,43,6,23,25,33,4,118,91,98
118,43,6,23,25,33,4,18,6,19,14,33,1,3,98,99
3,18,6,19,14,33,1,11,5,12,9,28,0,1,99,96
1,11,5,12,9,28,0,16,4,7,9,23,0,0,96,92
0,16,4,7,9,23,0,22,4,7,8,22,1,20,92,89
20,22,4,7,8,22,1,18,5,9,8,24,1,3,89,88
3,18,5,9,8,24,1,29,6,15,8,31,0,0,88,83
0,29,6,15,8,31,0,24,8,19,8,35,2,17,83,74
17,24,8,19,8,35,2,27,8,25,13,39,1,21,74,69
21,27,8,25,13,39,1,46,8,27,22,39,4,58,69,65
58,46,8,27,22,39,4,64,6,24,27,33,13,401,65,69
401,64,6,24,27,33,13,63,5,24,28,32,7,126,69,91
126,63,5,24,28,32,7,42,6,23,25,33,5,145,91,95
145,42,6,23,25,33,5,18,6,19,14,34,0,0,95,98
0,18,6,19,14,34,0,11,6,14,9,30,0,0,98,96
0,11,6,14,9,30,0,16,4,7,8,23,2,13,96,91
13,16,4,7,8,23,2,22,4,7,8,21,1,8,91,87
8,22,4,7,8,21,1,18,5,10,8,25,1,2,87,82
2,18,5,10,8,25,1,29,6,15,8,31,0,0,82,75
0,29,6,15,8,31,0,24,8,20,8,36,1,5,75,67
5,24,8,20,8,36,1,27,8,26,13,41,0,0,67,54
0,27,8,26,13,41,0,46,8,27,23,39,4,57,54,52
57,46,8,27,23,39,4,64,6,26,29,34,9,164,52,55
164,64,6,26,29,34,9,63,5,25,28,32,10,217,55,60
217,63,5,25,28,32,10,43,6,24,25,33,4,94,60,68
94,43,6,24,25,33,4,18,6,18,13,32,1,11,68,72
11,18,6,18,13,32,1,11,5,12,9,28,0,0,72,69
0,11,5,12,9,28,0,16,4,8,9,23,0,0,69,65
0,16,4,8,9,23,0,22,4,9,9,24,1,16,65,59
16,22,4,9,9,24,1,18,5,10,8,25,0,15,59,56
15,18,5,10,8,25,0,29,6,13,7,29,1,0,56,50
0,29,6,13,7,29,1,24,8,21,9,37,0,0,50,43
0,24,8,21,9,37,0,27,8,27,14,42,0,10,43,38
10,27,8,27,14,42,0,46,8,28,23,40,2,0,38,34
0,46,8,28,23,40,2,64,6,28,32,36,4,2,34,31
2,64,6,28,32,36,4,63,5,26,31,34,7,10,31,29
10,63,5,26,31,34,7,43,6,23,25,33,6,21,29,28
21,43,6,23,25,33,6,18,6,19,14,34,0,6,28,27
6,18,6,19,14,34,0,11,5,11,8,27,1,17,27,25
17,11,5,11,8,27,1,16,4,8,9,23,1,8,25,26
8,16,4,8,9,23,1,22,4,8,9,23,1,0,26,24
0,22,4,8,9,23,1,18,5,11,9,26,1,2,24,22
2,18,5,11,9,26,1,28,6,14,8,30,1,27,22,21
27,28,6,14,8,30,1,24,8,21,9,37,1,4,21,18
4,24,8,21,9,37,1,27,8,27,13,41,0,16,18,15
16,27,8,27,13,41,0,46,8,30,26,42,2,9,15,14
9,46,8,30,26,42,2,63,6,27,30,35,11,11,14,13
11,63,6,27,30,35,11,63,5,25,28,32,11,0,13,14
0,63,5,25,28,32,11,42,6,22,25,32,5,0,14,12
0,42,6,22,25,32,5,18,6,19,14,33,1,13,12,10
13,18,6,19,14,33,1,11,5,12,9,28,1,0,10,14
0,11,5,12,9,28,1,16,4,8,9,23,1,0,14,13
0,16,4,8,9,23,1,22,4,8,8,23,0,8,13,11
8,22,4,8,8,23,0,18,5,10,8,25,2,3,11,10
3,18,5,10,8,25,2,29,6,13,7,29,0,1,10,8
1,29,6,13,7,29,0,24,8,22,9,38,0,0,8,8
0,24,8,22,9,38,0,27,8,24,12,39,2,26,8,8
26,27,8,24,12,39,2,46,8,26,22,38,4,0,8,8
0,46,8,26,22,38,4,64,6,26,29,34,7,5,8,8
5,64,6,26,29,34,7,63,5,26,30,34,5,3,8,8
3,63,5,26,30,34,5,42,6,25,27,35,2,1,8,8
1,42,6,25,27,35,2,18,6,21,15,35,0,5,8,8
5,18,6,21,15,35,0,11,6,13,9,29,0,0,8,8
0,11,6,13,9,29,0,16,4,8,8,24,1,0,8,8
0,16,4,8,8,24,1,22,4,10,9,24,0,0,8,8
0,22,4,10,9,24,0,18,5,10,8,25,1,2,8,8
2,18,5,10,8,25,1,28,6,15,8,31,0,0,8,8
0,28,6,15,8,31,0,24,8,22,8,37,1,9,8,8
9,24,8,22,8,37,1,27,8,27,14,41,1,3,8,8
3,27,8,27,14,41,1,46,8,28,23,40,4,1,8,8
1,46,8,28,23,40,4,63,6,26,29,34,13,21,8,8
21,63,6,26,29,34,13,63,5,25,28,32,8,0,8,8
0,63,5,25,28,32,8,42,6,24,25,34,6,17,8,8
17,42,6,24,25,34,6,18,6,18,14,33,1,0,8,8
0,18,6,18,14,33,1,11,6,14,9,29,1,0,8,8
0,11,6,14,9,29,1,16,4,7,8,23,0,1,8,8
1,16,4,7,8,23,0,22,4,7,8,22,1,0,8,8
0,22,4,7,8,22,1,18,5,8,7,23,1,1,8,8
1,18,5,8,7,23,1,28,6,15,8,31,2,23,8,8
23,28,6,15,8,31,2,24,8,21,9,36,1,15,8,8
15,24,8,21,9,36,1,26,8,28,15,42,1,3,8,8
3,26,8,28,15,42,1,45,8,29,24,41,3,10,8,8
10,45,8,29,24,41,3,64,6,28,33,37,8,48,8,8
48,64,6,28,33,37,8,63,5,26,31,34,7,3,8,8
3,63,5,26,31,34,7,42,6,26,27,36,3,5,8,8
5,42,6,26,27,36,3,18,6,21,15,35,2,17,8,8
17,18,6,21,15,35,2,10,6,13,9,29,0,0,8,8
0,10,6,13,9,29,0,16,4,9,9,24,0,0,8,8
0,16,4,9,9,24,0,22,4,8,9,23,0,28,8,8
28,22,4,8,9,23,0,18,5,9,8,24,1,26,8,8
26,18,5,9,8,24,1,29,6,18,9,33,0,59,8,8
59,29,6,18,9,33,0,24,8,22,9,38,1,79,8,8
79,24,8,22,9,38,1,27,8,26,13,41,1,36,8,8
36,27,8,26,13,41,1,46,8,27,22,39,4,57,8,8
57,46,8,27,22,39,4,63,6,26,29,35,11,83,8,10
83,63,6,26,29,35,11,63,5,24,28,32,13,20,10,12
20,63,5,24,28,32,13,43,6,23,25,33,4,16,12,13
16,43,6,23,25,33,4,18,6,18,13,32,1,103,13,13
103,18,6,18,13,32,1,11,5,11,8,26,0,28,13,20
28,11,5,11,8,26,0,16,4,7,8,22,0,53,20,22
53,16,4,7,8,22,0,22,4,8,8,23,1,33,22,26
33,22,4,8,8,23,1,17,5,10,8,25,1,237,26,30
237,17,5,10,8,25,1,28,6,15,8,30,1,105,30,48
105,28,6,15,8,30,1,23,8,18,7,34,1,336,48,54
336,23,8,18,7,34,1,26,8,22,11,37,2,143,54,65
143,26,8,22,11,37,2,45,8,27,23,39,5,244,65,72
244,45,8,27,23,39,5,63,6,25,28,33,13,422,72,78
422,63,6,25,28,33,13,63,5,24,28,31,13,54,78,85
54,63,5,24,28,31,13,42,6,22,24,32,7,253,85,83
253,42,6,22,24,32,7,18,6,17,13,32,2,295,83,90
295,18,6,17,13,32,2,11,5,10,8,26,0,112,90,93
112,11,5,10,8,26,0,16,4,8,9,23,1,221,93,95
221,16,4,8,9,23,1,22,4,6,8,21,1,63,95,98
63,22,4,6,8,21,1,18,5,10,8,25,0,265,98,92
265,18,5,10,8,25,0,29,6,15,8,31,1,56,92,93
56,29,6,15,8,31,1,24,7,19,8,35,0,154,93,87
154,24,7,19,8,35,0,26,8,28,14,42,1,125,87,80
125,26,8,28,14,42,1,46,8,28,23,40,3,379,,
379,46,8,28,23,40,3,64,6,29,33,37,5,385,,
385,64,6,29,33,37,5,63,5,27,32,34,8,147,,
147,63,5,27,32,34,8,41,6,25,26,34,2,359,,
359,41,6,25,26,34,2,18,6,20,14,34,0,71,,
71,18,6,20,14,34,0,11,6,13,9,29,0,134,,
134,11,6,13,9,29,0,16,4,7,8,22,0,183,,
183,16,4,7,8,22,0,22,4,8,8,22,2,223,,
223,22,4,8,8,22,2,18,5,9,8,24,0,139,,
139,18,5,9,8,24,0,29,6,16,8,31,1,32,,
32,29,6,16,8,31,1,24,8,20,8,36,1,150,,
150,24,8,20,8,36,1,27,8,25,13,40,1,37,,
37,27,8,25,13,40,1,46,8,30,26,42,2,123,,
123,46,8,30,26,42,2,64,6,25,29,34,11,231,,
231,64,6,25,29,34,11,63,5,24,28,32,12,34,,
34,63,5,24,28,32,12,42,6,23,25,33,3,49,,
49,42,6,23,25,33,3,17,6,19,14,33,0,44,,
44,17,6,19,14,33,0,10,5,12,9,28,1,209,,
209,10,5,12,9,28,1,16,4,7,8,23,1,176,,
176,16,4,7,8,23,1,22,4,7,8,22,1,1,,
1,22,4,7,8,22,1,18,5,9,8,24,1,6,,
6,18,5,9,8,24,1,28,6,15,8,31,1,0,,
0,28,6,15,8,31,1,24,8,21,8,36,0,7,,
7,24,8,21,8,36,0,27,8,23,11,37,1,16,,
16,27,8,23,11,37,1,46,8,26,22,38,5,7,,
7,46,8,26,22,38,5,64,6,25,28,33,11,30,,
30,64,6,25,28,33,11,62,5,25,30,33,6,0,,
0,62,5,25,30,33,6,43,6,25,28,35,3,1,,
1,43,6,25,28,35,3,17,6,21,15,35,0,0,,
0,17,6,21,15,35,0,11,6,14,9,30,0,0,,
0,11,6,14,9,30,0,16,5,9,9,24,0,0,,
0,16,5,9,9,24,0,22,4,8,9,23,1,62,,
62,22,4,8,9,23,1,18,5,11,8,26,0,15,,
15,18,5,11,8,26,0,29,6,18,9,34,0,0,,
0,29,6,18,9,34,0,24,8,24,10,39,0,9,,
9,24,8,24,10,39,0,27,8,28,16,43,0,0,,
0,27,8,28,16,43,0,46,8,29,25,41,3,0,,
0,46,8,29,25,41,3,63,6,29,32,37,8,0,,
0,63,6,29,32,37,8,63,5,25,28,32,7,0,,
0,63,5,25,28,32,7,43,6,23,25,33,6,8,,
8,43,6,23,25,33,6,17,6,18,14,33,0,0,,
0,17,6,18,14,33,0,10,5,13,9,29,0,0,,
0,10,5,13,9,29,0,16,5,10,9,25,0,0,,
0,16,5,10,9,25,0,22,4,7,8,22,1,5,,
5,22,4,7,8,22,1,18,5,11,9,26,0,1,,
1,18,5,11,9,26,0,29,6,16,8,32,0,4,,
4,29,6,16,8,32,0,24,8,22,9,37,1,0,,
0,24,8,22,9,37,1,27,8,26,13,41,0,0,,
0,27,8,26,13,41,0,46,8,27,23,39,3,0,,
0,46,8,27,23,39,3,64,6,26,29,35,9,10,,
10,64,6,26,29,35,9,63,5,24,28,32,9,0,,
0,63,5,24,28,32,9,42,6,23,25,33,6,5,,
5,42,6,23,25,33,6,18,6,18,14,33,0,0,,
0,18,6,18,14,33,0,11,5,12,9,28,0,0,,
0,11,5,12,9,28,0,16,4,8,8,23,2,25,,
25,16,4,8,8,23,2,22,4,7,8,22,1,1,,
1,22,4,7,8,22,1,18,5,9,8,24,1,13,,
13,18,5,9,8,24,1,29,6,16,8,32,0,0,,
0,29,6,16,8,32,0,24,8,22,9,37,0,0,,
0,24,8,22,9,37,0,27,8,25,13,40,1,4,,
4,27,8,25,13,40,1,47,8,30,27,42,1,1,,
1,47,8,30,27,42,1,64,6,27,30,35,10,238,,
238,64,6,27,30,35,10,63,5,24,28,32,11,272,,
272,63,5,24,28,32,11,43,6,24,25,34,4,138,,
138,43,6,24,25,34,4,18,6,18,14,33,1,2,,
2,18,6,18,14,33,1,10,5,12,9,28,0,0,,
0,10,5,12,9,28,0,15,4,8,9,23,1,4,,
4,15,4,8,9,23,1,21,4,6,8,21,1,10,,
10,21,4,6,8,21,1,17,5,9,8,24,1,9,,
9,17,5,9,8,24,1,29,6,16,9,32,0,0,,
0,29,6,16,9,32,0,24,8,22,9,37,0,0,,
0,24,8,22,9,37,0,27,8,24,12,38,1,5,,
5,27,8,24,12,38,1,46,8,30,25,42,2,14,,
14,46,8,30,25,42,2,64,6,26,29,35,9,185,,
185,64,6,26,29,35,9,63,5,24,28,32,10,220,,
220,63,5,24,28,32,10,43,6,22,24,32,6,228,,
228,43,6,22,24,32,6,17,6,18,13,32,1,7,,
7,17,6,18,13,32,1,11,5,12,9,28,1,1,,
1,11,5,12,9,28,1,16,4,8,9,23,2,26,,
26,16,4,8,9,23,2,22,4,5,7,20,0,0,,
0,22,4,5,7,20,0,17,5,7,7,22,0,0,,
0,17,5,7,7,22,0,28,6,15,8,31,0,0,,
0,28,6,15,8,31,0,24,8,23,9,38,0,0,,
0,24,8,23,9,38,0,26,8,25,13,40,1,19,,
19,26,8,25,13,40,1,46,8,24,19,36,5,130,,
130,46,8,24,19,36,5,64,6,24,27,32,14,483,,
483,64,6,24,27,32,14,62,5,26,30,33,7,85,,
85,62,5,26,30,33,7,41,6,25,26,35,1,15,,
15,41,6,25,26,35,1,18,6,20,15,34,0,0,,
0,18,6,20,15,34,0,10,5,12,9,28,1,50,,
50,10,5,12,9,28,1,15,4,8,8,23,0,0,,
0,15,4,8,8,23,0,22,4,8,8,22,1,21,,
21,22,4,8,8,22,1,18,5,11,9,26,1,3,,
3,18,5,11,9,26,1,28,6,14,7,30,2,21,,
21,28,6,14,7,30,2,25,7,18,7,34,1,8,,
8,25,7,18,7,34,1,27,8,24,12,39,2,27,,
27,27,8,24,12,39,2,46,8,30,26,42,1,18,,
18,46,8,30,26,42,1,64,6,27,30,35,10,238,,
238,64,6,27,30,35,10,63,5,25,28,32,12,322,,
322,63,5,25,28,32,12,43,6,22,25,32,5,156,,
156,43,6,22,25,32,5,18,6,18,13,32,0,0,,
0,18,6,18,13,32,0,11,5,10,8,26,0,0,,
0,11,5,10,8,26,0,16,4,7,8,22,0,0,,
0,16,4,7,8,22,0,22,4,5,7,20,0,0,,
0,22,4,5,7,20,0,18,5,8,7,23,1,17,,
17,18,5,8,7,23,1,28,6,14,7,30,1,3,,
3,28,6,14,7,30,1,24,8,20,8,36,1,1,,
1,24,8,20,8,36,1,27,8,25,13,40,1,8,,
8,27,8,25,13,40,1,46,8,28,24,40,2,17,,
17,46,8,28,24,40,2,64,6,26,29,34,11,236,,
236,64,6,26,29,34,11,63,5,24,28,32,12,379,,
379,63,5,24,28,32,12,42,6,23,25,33,3,71,,
71,42,6,23,25,33,3,18,6,19,14,34,1,7,,
7,18,6,19,14,34,1,11,5,12,9,28,1,27,,
27,11,5,12,9,28,1,16,4,9,9,24,1,10,,
10,16,4,9,9,24,1,22,4,7,8,22,1,4,,
4,22,4,7,8,22,1,18,5,10,8,25,1,19,,
19,18,5,10,8,25,1,29,6,16,8,31,0,1,,
1,29,6,16,8,31,0,24,8,21,9,36,0,1,,
1,24,8,21,9,36,0,27,8,27,14,42,1,3,,
3,27,8,27,14,42,1,46,8,28,23,40,2,20,,
20,46,8,28,23,40,2,64,6,26,29,35,10,208,,
208,64,6,26,29,35,10,63,5,27,31,34,7,140,,
140,63,5,27,31,34,7,42,6,24,26,34,3,63,,
63,42,6,24,26,34,3,18,6,20,14,34,2,38,,
38,18,6,20,14,34,2,11,6,14,9,29,1,20,,
20,11,6,14,9,29,1,16,4,8,9,23,2,23,,
23,16,4,8,9,23,2,22,4,7,8,22,0,0,,
0,22,4,7,8,22,0,18,5,8,8,23,0,1,,
1,18,5,8,8,23,0,28,6,17,9,33,0,0,,
0,28,6,17,9,33,0,23,8,22,9,38,1,5,,
5,23,8,22,9,38,1,27,8,27,14,41,0,0,,
0,27,8,27,14,41,0,46,8,28,23,40,3,44,,
44,46,8,28,23,40,3,65,6,26,29,34,9,169,,
169,65,6,26,29,34,9,63,5,24,28,32,9,145,,
145,63,5,24,28,32,9,43,6,25,26,35,1,9,,
9,43,6,25,26,35,1,18,6,19,14,34,1,2,,
2,18,6,19,14,34,1,11,6,13,9,29,0,0,,
0,11,6,13,9,29,0,17,4,7,8,23,2,10,,
10,17,4,7,8,23,2,22,4,7,8,22,1,10,,
10,22,4,7,8,22,1,18,5,10,8,25,1,5,,
5,18,5,10,8,25,1,28,6,16,8,32,0,0,,
0,28,6,16,8,32,0,24,8,21,8,36,1,1,,
1,24,8,21,8,36,1,26,8,26,13,40,1,10,,
10,26,8,26,13,40,1,47,8,27,23,39,5,99,,
99,47,8,27,23,39,5,64,6,24,27,33,13,399,,
399,64,6,24,27,33,13,63,5,25,29,32,8,168,,
168,63,5,25,29,32,8,43,6,24,26,34,3,37,,
37,43,6,24,26,34,3,19,6,20,14,34,1,15,,
15,19,6,20,14,34,1,10,5,12,9,28,0,0,,
0,10,5,12,9,28,0,16,4,8,9,23,0,0,,
0,16,4,8,9,23,0,18,4,9,9,24,0,0,,
0,18,4,9,9,24,0,19,5,8,8,23,1,4,,
4,19,5,8,8,23,1,22,6,14,8,30,0,0,,
0,22,6,14,8,30,0,14,8,22,9,38,0,0,,
0,14,8,22,9,38,0,20,8,26,13,41,1,3,,
3,20,8,26,13,41,1,32,8,29,25,41,2,18,,
18,32,8,29,25,41,2,59,6,27,30,35,9,150,,
150,59,6,27,30,35,9,61,5,25,29,33,12,302,,
302,61,5,25,29,33,12,40,6,23,25,33,6,161,,
161,40,6,23,25,33,6,21,6,18,13,33,3,39,,
39,21,6,18,13,33,3,0,6,12,9,28,0,0,,
0,0,6,12,9,28,0,9,5,9,9,24,0,0,,
0,9,5,9,9,24,0,17,5,10,10,25,0,0,,
0,17,5,10,10,25,0,10,5,9,8,24,0,1,,
1,10,5,9,8,24,0,24,6,16,8,32,1,7,,
7,24,6,16,8,32,1,15,8,21,9,36,1,3,,
3,15,8,21,9,36,1,21,8,25,13,40,1,2,,
2,21,8,25,13,40,1,39,8,30,25,41,2,23,,
23,39,8,30,25,41,2,60,6,27,30,35,8,130,,
130,60,6,27,30,35,8,61,5,24,28,32,13,358,,
358,61,5,24,28,32,13,33,6,24,26,34,5,130,,
130,33,6,24,26,34,5,7,7,19,14,34,0,0,,
0,7,7,19,14,34,0,0,6,12,9,27,0,0,,
0,0,6,12,9,27,0,12,5,8,9,23,0,0,,
0,12,5,8,9,23,0,19,4,5,7,20,0,0,,
0,19,4,5,7,20,0,14,5,10,8,25,1,9,,
9,14,5,10,8,25,1,24,6,15,8,31,1,2,,
2,24,6,15,8,31,1,23,8,19,7,35,1,13,,
13,23,8,19,7,35,1,30,8,23,11,38,2,29,,
29,30,8,23,11,38,2,43,8,27,23,39,7,215,,
215,43,8,27,23,39,7,63,6,25,29,33,7,123,,
123,63,6,25,29,33,7,67,5,24,28,31,13,408,,
408,67,5,24,28,31,13,46,6,22,24,32,6,186,,
186,46,6,22,24,32,6,15,6,18,13,32,2,13,,
13,15,6,18,13,32,2,2,6,12,9,28,0,0,,
0,2,6,12,9,28,0,12,5,8,9,23,0,0,,
0,12,5,8,9,23,0,20,4,6,8,21,1,8,,
8,20,4,6,8,21,1,8,5,11,8,26,0,0,,
0,8,5,11,8,26,0,27,6,14,7,30,2,12,,
12,27,6,14,7,30,2,14,8,21,9,36,0,0,,
0,14,8,21,9,36,0,21,8,25,13,40,0,0,,
0,21,8,25,13,40,0,41,8,27,23,39,5,107,,
107,41,8,27,23,39,5,63,6,26,29,34,8,131,,
131,63,6,26,29,34,8,62,5,24,28,31,11,267,,
267,62,5,24,28,31,11,35,6,23,25,33,2,52,,
52,35,6,23,25,33,2,1,7,17,12,32,0,0,,
0,1,7,17,12,32,0,7,5,12,9,27,0,1,,
1,7,5,12,9,27,0,16,5,9,9,24,1,23,,
23,16,5,9,9,24,1,22,4,6,8,20,1,21,,
21,22,4,6,8,20,1,23,5,10,8,25,1,4,,
4,23,5,10,8,25,1,22,6,15,8,31,0,0,,
0,22,6,15,8,31,0,25,7,18,7,34,1,16,,
16,25,7,18,7,34,1,19,8,26,13,41,0,1,,
1,19,8,26,13,41,0,23,8,29,25,41,2,19,,
19,23,8,29,25,41,2,59,6,26,29,34,13,346,,
346,59,6,26,29,34,13,61,5,24,28,32,7,119,,
119,61,5,24,28,32,7,36,6,23,25,33,5,98,,
98,36,6,23,25,33,5,9,6,18,13,32,1,6,,
6,9,6,18,13,32,1,5,6,13,9,29,0,0,,
0,5,6,13,9,29,0,13,5,8,8,23,1,4,,
4,13,5,8,8,23,1,13,4,6,8,21,0,0,,
0,13,4,6,8,21,0,18,5,10,8,25,1,7,,
7,18,5,10,8,25,1,24,6,15,7,31,1,13,,
13,24,6,15,7,31,1,16,8,21,8,36,0,0,,
0,16,8,21,8,36,0,23,8,28,15,42,1,6,,
6,23,8,28,15,42,1,50,8,26,21,38,7,213,,
213,50,8,26,21,38,7,63,6,25,28,34,10,199,,
199,63,6,25,28,34,10,60,5,24,28,32,11,286,,
286,60,5,24,28,32,11,39,6,23,25,33,4,77,,
77,39,6,23,25,33,4,15,6,19,14,33,0,0,,
0,15,6,19,14,33,0,6,6,13,9,29,1,20,,
20,6,6,13,9,29,1,20,4,8,9,23,2,11,,
11,20,4,8,9,23,2,17,4,6,8,21,0,0,,
0,17,4,6,8,21,0,22,5,10,8,25,2,36,,
36,22,5,10,8,25,2,24,6,14,7,29,0,0,,
0,24,6,14,7,29,0,20,8,20,8,35,1,4,,
4,20,8,20,8,35,1,23,8,26,13,41,1,8,,
8,23,8,26,13,41,1,36,8,29,24,41,2,32,,
32,36,8,29,24,41,2,62,6,26,29,34,8,139,,
139,62,6,26,29,34,8,60,5,26,31,34,6,76,,
76,60,5,26,31,34,6,35,6,24,25,34,5,124,,
124,35,6,24,25,34,5,11,6,19,14,33,1,1,,
1,11,6,19,14,33,1,6,6,13,9,29,1,5,,
5,6,6,13,9,29,1,13,4,7,8,23,2,6,,
6,13,4,7,8,23,2,23,4,7,8,22,1,7,,
7,23,4,7,8,22,1,18,5,8,8,23,0,0,,
0,18,5,8,8,23,0,23,6,17,9,33,1,3,,
3,23,6,17,9,33,1,15,8,22,9,38,0,0,,
0,15,8,22,9,38,0,24,8,28,15,43,1,5,,
5,24,8,28,15,43,1,51,8,26,21,38,5,66,,
66,51,8,26,21,38,5,56,6,27,29,35,10,302,,
302,56,6,27,29,35,10,59,5,26,30,33,8,105,,
105,59,5,26,30,33,8,32,6,25,27,35,2,13,,
13,32,6,25,27,35,2,8,7,20,15,35,1,2,,
2,8,7,20,15,35,1,6,6,12,9,27,0,0,,
0,6,6,12,9,27,0,7,5,8,9,23,0,0,,
0,7,5,8,9,23,0,16,4,8,9,23,1,7,,
7,16,4,8,9,23,1,20,5,10,8,25,1,11,,
11,20,5,10,8,25,1,30,6,13,7,29,1,4,,
4,30,6,13,7,29,1,16,8,20,8,35,0,0,,
0,16,8,20,8,35,0,17,8,27,14,42,0,0,,
0,17,8,27,14,42,0,48,8,27,22,39,4,69,,
69,48,8,27,22,39,4,60,6,26,29,35,9,248,,
248,60,6,26,29,35,9,57,5,27,31,34,7,84,,
84,57,5,27,31,34,7,35,6,24,26,34,4,77,,
77,35,6,24,26,34,4,11,6,20,14,34,0,0,,
0,11,6,20,14,34,0,0,6,12,9,28,0,0,,
0,0,6,12,9,28,0,10,5,8,9,24,0,0,,
0,10,5,8,9,24,0,22,4,8,8,22,1,15,,
15,22,4,8,8,22,1,20,5,9,8,24,1,18,,
18,20,5,9,8,24,1,28,6,14,7,29,1,9,,
9,28,6,14,7,29,1,18,8,20,8,35,1,6,,
6,18,8,20,8,35,1,22,8,27,14,41,1,9,,
9,22,8,27,14,41,1,45,8,29,23,41,3,29,,
29,45,8,29,23,41,3,60,6,27,30,36,8,153,,
153,60,6,27,30,36,8,62,5,24,29,32,10,245,,
245,62,5,24,29,32,10,35,6,23,25,33,2,20,,
20,35,6,23,25,33,2,7,6,19,14,34,1,2,,
2,7,6,19,14,34,1,2,6,14,9,30,1,4,,
4,2,6,14,9,30,1,11,5,8,9,23,1,1,,
1,11,5,8,9,23,1,21,4,7,8,21,1,13,,
13,21,4,7,8,21,1,11,5,11,9,26,0,2,,
2,11,5,11,9,26,0,22,6,17,9,33,0,0,,
0,22,6,17,9,33,0,15,8,24,10,39,0,0,,
0,15,8,24,10,39,0,26,8,27,14,42,1,16,,
16,26,8,27,14,42,1,50,8,27,23,39,2,20,,
20,50,8,27,23,39,2,60,6,28,32,37,9,158,,
158,60,6,28,32,37,9,60,5,26,30,34,8,139,,
139,60,5,26,30,34,8,38,6,24,26,34,3,50,,
50,38,6,24,26,34,3,14,6,22,16,36,1,1,,
1,14,6,22,16,36,1,0,6,13,9,29,0,0,,
0,0,6,13,9,29,0,10,5,10,10,25,1,2,,
2,10,5,10,10,25,1,23,4,6,8,21,1,13,,
13,23,4,6,8,21,1,19,5,11,8,26,1,10,,
10,19,5,11,8,26,1,21,7,17,9,33,0,0,,
0,21,7,17,9,33,0,18,8,23,9,39,1,7,,
7,18,8,23,9,39,1,25,8,27,14,42,1,7,,
7,25,8,27,14,42,1,35,8,29,25,41,2,25,,
25,35,8,29,25,41,2,65,6,25,29,33,14,433,,
433,65,6,25,29,33,14,62,5,24,28,31,11,289,,
289,62,5,24,28,31,11,41,6,22,25,32,6,201,,
201,41,6,22,25,32,6,12,6,19,14,33,0,0,,
0,12,6,19,14,33,0,3,6,13,9,29,0,0,,
0,3,6,13,9,29,0,15,4,7,8,23,1,6,,
6,15,4,7,8,23,1,28,4,8,8,23,1,11,,
11,28,4,8,8,23,1,7,5,10,8,25,0,0,,
0,7,5,10,8,25,0,19,7,16,8,32,0,0,,
0,19,7,16,8,32,0,18,8,20,8,35,1,19,,
19,18,8,20,8,35,1,22,8,26,14,41,1,18,,
18,22,8,26,14,41,1,40,8,27,23,39,4,62,,
62,40,8,27,23,39,4,63,6,25,29,34,11,256,,
256,63,6,25,29,34,11,61,5,24,29,31,12,310,,
310,61,5,24,29,31,12,38,6,23,25,33,6,172,,
172,38,6,23,25,33,6,5,6,19,14,33,0,0,,
0,5,6,19,14,33,0,0,6,13,9,29,0,0,,
0,0,6,13,9,29,0,10,5,9,9,25,0,0,,
0,10,5,9,9,25,0,21,4,7,8,22,1,23,,
23,21,4,7,8,22,1,20,5,10,8,25,1,13,,
13,20,5,10,8,25,1,27,6,14,8,30,2,26,,
26,27,6,14,8,30,2,20,8,20,8,36,2,23,,
23,20,8,20,8,36,2,17,8,27,14,42,0,0,,
0,17,8,27,14,42,0,34,8,27,23,39,2,28,,
28,34,8,27,23,39,2,63,6,25,29,34,11,219,,
219,63,6,25,29,34,11,64,5,25,30,33,9,145,,
145,64,5,25,30,33,9,38,6,24,25,33,4,72,,
72,38,6,24,25,33,4,5,6,18,13,32,1,7,,
7,5,6,18,13,32,1,0,6,13,9,29,0,0,,
0,0,6,13,9,29,0,10,5,9,10,25,0,0,,
0,10,5,9,10,25,0,22,4,5,7,20,1,13,,
13,22,4,5,7,20,1,6,5,9,8,24,0,0,,
0,6,5,9,8,24,0,20,7,16,8,32,0,0,,
0,20,7,16,8,32,0,23,8,20,8,36,1,6,,
6,23,8,20,8,36,1,19,8,26,13,40,1,23,,
23,19,8,26,13,40,1,34,8,29,24,41,2,25,,
25,34,8,29,24,41,2,62,6,26,28,34,11,253,,
253,62,6,26,28,34,11,62,5,25,29,33,11,309,,
309,62,5,25,29,33,11,43,6,23,25,33,6,163,,
163,43,6,23,25,33,6,17,6,18,13,33,0,0,,
0,17,6,18,13,33,0,0,6,13,9,28,0,0,,
0,0,6,13,9,28,0,9,4,7,8,22,0,0,,
0,9,4,7,8,22,0,15,4,8,8,23,0,0,,
0,15,4,8,8,23,0,9,5,12,9,27,1,2,,
2,9,5,12,9,27,1,19,6,15,8,31,0,0,,
0,19,6,15,8,31,0,15,8,23,10,39,0,0,,
0,15,8,23,10,39,0,27,8,26,13,41,1,15,,
15,27,8,26,13,41,1,45,8,28,23,40,3,48,,
48,45,8,28,23,40,3,61,6,26,29,34,10,242,,
242,61,6,26,29,34,10,62,5,25,28,32,11,293,,
293,62,5,25,28,32,11,34,6,23,25,33,1,13,,
13,34,6,23,25,33,1,18,6,19,14,34,1,1,,
1,18,6,19,14,34,1,0,6,12,9,28,0,1,,
1,0,6,12,9,28,0,12,5,8,9,24,1,3,,
3,12,5,8,9,24,1,17,4,6,8,21,1,4,,
4,17,4,6,8,21,1,9,5,11,9,26,1,3,,
3,9,5,11,9,26,1,19,7,17,9,32,1,2,,
2,19,7,17,9,32,1,10,8,22,9,38,0,0,,
0,10,8,22,9,38,0,16,8,27,14,41,1,1,,
1,16,8,27,14,41,1,38,8,29,26,41,1,19,,
19,38,8,29,26,41,1,51,6,27,30,36,11,257,,
257,51,6,27,30,36,11,62,5,25,29,33,11,288,,
288,62,5,25,29,33,11,41,6,23,25,33,7,301,,
301,41,6,23,25,33,7,13,6,17,13,32,2,31,,
31,13,6,17,13,32,2,6,6,14,9,29,0,0,,
0,6,6,14,9,29,0,13,5,8,9,24,1,3,,
3,13,5,8,9,24,1,22,4,7,8,22,2,32,,
32,22,4,7,8,22,2,19,5,9,8,24,1,11,,
11,19,5,9,8,24,1,29,6,14,7,30,0,2,,
2,29,6,14,7,30,0,18,8,23,10,38,1,1,,
1,18,8,23,10,38,1,19,8,28,15,42,1,6,,
6,19,8,28,15,42,1,41,8,30,26,42,2,9,,
9,41,8,30,26,42,2,58,6,26,29,35,12,360,,
360,58,6,26,29,35,12,65,5,25,28,32,10,232,,
232,65,5,25,28,32,10,38,6,23,24,33,5,133,,
133,38,6,23,24,33,5,18,6,20,14,34,1,9,,
9,18,6,20,14,34,1,3,6,12,9,28,1,7,,
7,3,6,12,9,28,1,18,4,9,8,24,0,0,,
0,18,4,9,8,24,0,20,4,9,9,24,1,4,,
4,20,4,9,9,24,1,17,5,11,8,26,1,9,,
9,17,5,11,8,26,1,26,6,16,8,32,1,1,,
1,26,6,16,8,32,1,14,8,23,9,38,0,0,,
0,14,8,23,9,38,0,24,8,28,15,42,1,3,,
3,24,8,28,15,42,1,40,8,29,25,41,1,9,,
9,40,8,29,25,41,1,63,6,26,29,34,13,404,,
404,63,6,26,29,34,13,60,5,25,28,32,9,291,,
291,60,5,25,28,32,9,38,6,24,25,34,5,159,,
159,38,6,24,25,34,5,11,6,19,14,33,1,4,,
4,11,6,19,14,33,1,0,6,12,9,27,0,0,,
0,0,6,12,9,27,0,10,4,8,8,23,0,0,,
0,10,4,8,8,23,0,24,4,9,8,23,0,1,,
1,24,4,9,8,23,0,14,5,8,8,23,0,0,,
0,14,5,8,8,23,0,28,6,14,7,30,1,3,,
3,28,6,14,7,30,1,14,8,20,8,36,0,0,,
0,14,8,20,8,36,0,23,8,27,13,41,1,17,,
17,23,8,27,13,41,1,49,8,29,25,41,2,8,,
8,49,8,29,25,41,2,66,6,26,29,34,11,288,,
288,66,6,26,29,34,11,63,5,24,28,32,10,235,,
235,63,5,24,28,32,10,43,6,23,25,33,5,148,,
148,43,6,23,25,33,5,17,6,18,14,33,0,0,,
0,17,6,18,14,33,0,0,6,12,9,27,0,0,,
0,0,6,12,9,27,0,7,5,7,8,22,1,1,,
1,7,5,7,8,22,1,21,4,6,8,22,1,5,,
5,21,4,6,8,22,1,10,5,9,8,24,0,0,,
0,10,5,9,8,24,0,27,6,15,8,31,2,12,,
12,27,6,15,8,31,2,23,8,19,8,34,1,4,,
4,23,8,19,8,34,1,26,8,26,13,40,1,7,,
7,26,8,26,13,40,1,43,8,28,23,40,3,53,,
53,43,8,28,23,40,3,58,6,28,32,36,8,130,,
130,58,6,28,32,36,8,62,5,25,28,32,10,262,,
262,62,5,25,28,32,10,34,6,23,25,33,5,143,,
143,34,6,23,25,33,5,12,6,22,16,37,0,3,,
3,12,6,22,16,37,0,8,6,14,10,30,1,45,,
45,8,6,14,10,30,1,13,5,8,9,24,0,0,,
0,13,5,8,9,24,0,19,4,9,9,24,0,0,,
0,19,4,9,9,24,0,18,5,12,9,27,1,10,,
10,18,5,12,9,27,1,37,6,15,8,31,1,7,,
7,37,6,15,8,31,1,22,8,23,9,39,1,6,,
6,22,8,23,9,39,1,28,8,28,15,42,1,5,,
5,28,8,28,15,42,1,43,8,27,22,39,3,37,,
37,43,8,27,22,39,3,66,6,25,29,34,9,252,,
252,66,6,25,29,34,9,65,5,24,28,31,14,511,,
511,65,5,24,28,31,14,38,6,24,26,34,1,6,,
6,38,6,24,26,34,1,3,7,19,14,34,0,0,,
0,3,7,19,14,34,0,0,6,13,9,29,0,0,,
0,0,6,13,9,29,0,12,5,9,9,24,1,21,,
21,12,5,9,9,24,1,29,4,6,8,21,2,25,,
25,29,4,6,8,21,2,15,5,11,9,26,0,0,,
0,15,5,11,9,26,0,21,7,19,10,34,0,0,,
0,21,7,19,10,34,0,20,8,23,9,38,0,1,,
1,20,8,23,9,38,0,29,8,28,14,42,0,1,,
1,29,8,28,14,42,0,47,8,29,25,41,2,17,,
17,47,8,29,25,41,2,69,6,26,29,35,11,206,,
206,69,6,26,29,35,11,66,5,25,28,32,11,253,,
253,66,5,25,28,32,11,43,6,23,25,33,3,58,,
58,43,6,23,25,33,3,12,6,19,14,34,0,0,,
0,12,6,19,14,34,0,4,5,12,9,28,0,0,,
0,4,5,12,9,28,0,14,5,11,10,26,0,0,,
0,14,5,11,10,26,0,30,4,6,8,21,1,10,,
10,30,4,6,8,21,1,33,5,11,9,26,2,28,,
28,33,5,11,9,26,2,27,6,16,8,31,1,4,,
4,27,6,16,8,31,1,18,8,22,9,38,0,0,,
0,18,8,22,9,38,0,22,8,28,15,42,0,0,,
0,22,8,28,15,42,0,47,8,29,24,41,1,5,,
5,47,8,29,24,41,1,61,6,26,29,35,11,285,,
285,61,6,26,29,35,11,60,5,26,29,32,10,201,,
201,60,5,26,29,32,10,48,6,23,25,33,6,160,,
160,48,6,23,25,33,6,18,6,17,13,31,2,28,,
28,18,6,17,13,31,2,7,6,13,9,29,1,4,,
4,7,6,13,9,29,1,14,5,8,9,23,0,0,,
0,14,5,8,9,23,0,32,4,7,8,22,1,17,,
17,32,4,7,8,22,1,17,5,10,9,25,0,0,,
0,17,5,10,9,25,0,28,6,17,9,33,0,1,,
1,28,6,17,9,33,0,19,8,19,8,35,0,1,,
1,19,8,19,8,35,0,28,8,26,13,40,1,3,,
3,28,8,26,13,40,1,46,8,29,24,41,4,99,,
99,46,8,29,24,41,4,64,6,27,30,35,10,239,,
239,64,6,27,30,35,10,67,5,24,28,32,13,410,,
410,67,5,24,28,32,13,48,6,24,25,34,6,164,,
164,48,6,24,25,34,6,31,6,18,13,32,3,48,,
48,31,6,18,13,32,3,8,5,12,9,28,0,0,,
0,8,5,12,9,28,0,19,4,9,9,24,1,2,,
2,19,4,9,9,24,1,28,4,7,8,22,1,7,,
7,28,4,7,8,22,1,11,5,10,9,25,0,0,,
0,11,5,10,9,25,0,31,6,16,8,31,1,11,,
11,31,6,16,8,31,1,23,8,22,9,37,0,0,,
0,23,8,22,9,37,0,30,8,28,14,42,0,0,,
0,30,8,28,14,42,0,56,8,28,23,40,3,57,,
57,56,8,28,23,40,3,67,6,24,27,33,14,505,,
505,67,6,24,27,33,14,65,5,24,29,32,9,195,,
195,65,5,24,29,32,9,42,6,24,25,34,2,22,,
22,42,6,24,25,34,2,34,6,18,13,32,3,54,,
54,34,6,18,13,32,3,10,5,12,9,27,0,0,,
0,10,5,12,9,27,0,20,4,9,9,24,1,10,,
10,20,4,9,9,24,1,33,4,7,8,21,1,18,,
18,33,4,7,8,21,1,16,5,8,8,23,0,0,,
0,16,5,8,8,23,0,37,6,14,7,30,2,16,,
16,37,6,14,7,30,2,27,7,20,8,36,1,5,,
5,27,7,20,8,36,1,27,8,25,13,40,1,10,,
10,27,8,25,13,40,1,42,8,27,23,39,2,25,,
25,42,8,27,23,39,2,64,6,26,29,34,11,369,,
369,64,6,26,29,34,11,62,5,26,30,32,9,185,,
185,62,5,26,30,32,9,39,6,22,25,32,5,129,,
129,39,6,22,25,32,5,16,6,19,14,33,1,7,,
7,16,6,19,14,33,1,11,6,14,9,30,1,10,,
10,11,6,14,9,30,1,21,4,9,9,24,1,3,,
3,21,4,9,9,24,1,23,4,10,10,24,1,2,,
2,23,4,10,10,24,1,17,5,10,8,26,1,3,,
3,17,5,10,8,26,1,27,6,17,9,33,1,2,,
2,27,6,17,9,33,1,24,8,23,9,39,0,0,,
0,24,8,23,9,39,0,26,8,27,14,41,0,2,,
2,26,8,27,14,41,0,38,8,29,25,41,1,5,,
5,38,8,29,25,41,1,69,6,25,29,34,13,419,,
419,69,6,25,29,34,13,64,5,24,29,32,10,267,,
267,64,5,24,29,32,10,51,6,23,24,33,7,272,,
272,51,6,23,24,33,7,26,6,19,14,33,1,13,,
13,26,6,19,14,33,1,13,5,13,10,29,1,16,,
16,13,5,13,10,29,1,22,4,10,10,25,1,5,,
5,22,4,10,10,25,1,29,4,7,8,22,1,9,,
9,29,4,7,8,22,1,20,5,9,8,25,0,0,,
0,20,5,9,8,25,0,23,6,16,9,32,0,0,,
0,23,6,16,9,32,0,24,8,21,9,37,0,0,,
0,24,8,21,9,37,0,29,8,26,13,40,2,41,,
41,29,8,26,13,40,2,48,8,28,24,41,3,39,,
39,48,8,28,24,41,3,68,6,25,29,34,11,237,,
237,68,6,25,29,34,11,66,5,25,28,32,10,212,,
212,66,5,25,28,32,10,49,6,23,25,34,4,92,,
92,49,6,23,25,34,4,29,6,20,14,34,0,1,,
1,29,6,20,14,34,0,13,5,13,9,29,1,11,,
11,13,5,13,9,29,1,13,5,9,9,25,0,0,,
0,13,5,9,9,25,0,21,4,7,8,22,0,1,,
1,21,4,7,8,22,0,7,5,13,9,28,0,0,,
0,7,5,13,9,28,0,35,6,15,8,31,1,11,,
11,35,6,15,8,31,1,23,8,21,8,36,0,0,,
0,23,8,21,8,36,0,22,8,26,13,41,1,13,,
13,22,8,26,13,41,1,44,8,29,24,41,2,24,,
24,44,8,29,24,41,2,65,6,26,29,34,11,253,,
253,65,6,26,29,34,11,66,5,24,28,32,12,383,,
383,66,5,24,28,32,12,41,6,24,25,34,3,50,,
50,41,6,24,25,34,3,18,6,18,14,33,2,33,,
33,18,6,18,14,33,2,4,5,12,9,28,0,0,,
0,4,5,12,9,28,0,14,5,9,9,24,1,1,,
1,14,5,9,9,24,1,27,4,7,8,22,1,19,,
19,27,4,7,8,22,1,25,5,9,8,23,1,26,,
26,25,5,9,8,23,1,29,6,16,9,31,0,0,,
0,29,6,16,9,31,0,23,8,21,9,36,1,6,,
6,23,8,21,9,36,1,29,8,27,13,40,1,5,,
5,29,8,27,13,40,1,48,8,27,23,40,3,53,,
53,48,8,27,23,40,3,68,6,26,29,34,9,168,,
168,68,6,26,29,34,9,66,5,24,29,31,15,498,,
498,66,5,24,29,31,15,49,6,24,25,33,5,109,,
109,49,6,24,25,33,5,25,6,19,13,32,2,19,,
19,25,6,19,13,32,2,18,5,13,9,27,1,5,,
5,18,5,13,9,27,1,18,4,6,8,21,0,0,,
0,18,4,6,8,21,0,20,4,7,8,21,1,14,,
14,20,4,7,8,21,1,23,5,11,9,26,0,0,,
0,23,5,11,9,26,0,32,6,15,8,31,1,7,,
7,32,6,15,8,31,1,25,8,23,9,38,0,1,,
1,25,8,23,9,38,0,25,8,26,13,40,0,1,,
1,25,8,26,13,40,0,40,8,28,24,40,2,13,,
13,40,8,28,24,40,2,63,6,27,29,35,11,283,,
283,63,6,27,29,35,11,62,5,25,28,32,9,198,,
198,62,5,25,28,32,9,48,5,23,24,32,5,148,,
148,48,5,23,24,32,5,15,6,18,13,32,0,0,,
0,15,6,18,13,32,0,8,5,13,10,28,0,1,,
1,8,5,13,10,28,0,19,4,10,9,24,0,1,,
1,19,4,10,9,24,0,15,4,6,8,22,1,7,,
7,15,4,6,8,22,1,10,5,12,9,28,1,2,,
2,10,5,12,9,28,1,28,6,16,8,32,1,2,,
2,28,6,16,8,32,1,27,7,22,9,36,1,1,,
1,27,7,22,9,36,1,28,8,26,13,40,1,9,,
9,28,8,26,13,40,1,45,8,28,23,40,3,33,,
33,45,8,28,23,40,3,61,6,28,32,36,7,139,,
139,61,6,28,32,36,7,65,5,24,28,31,10,255,,
255,65,5,24,28,31,10,40,6,23,25,32,6,245,,
245,40,6,23,25,32,6,18,6,20,15,34,1,3,,
3,18,6,20,15,34,1,20,5,16,11,31,1,13,,
13,20,5,16,11,31,1,15,5,8,9,24,1,8,,
8,15,5,8,9,24,1,20,4,7,8,21,0,0,,
0,20,4,7,8,21,0,17,5,10,8,25,0,0,,
0,17,5,10,8,25,0,24,6,18,9,34,0,0,,
0,24,6,18,9,34,0,25,8,23,10,38,0,0,,
0,25,8,23,10,38,0,25,8,25,13,39,1,19,,
19,25,8,25,13,39,1,44,8,28,23,40,2,11,,
11,44,8,28,23,40,2,67,6,26,29,34,14,439,,
439,67,6,26,29,34,14,64,5,25,29,33,12,334,,
334,64,5,25,29,33,12,60,5,23,25,32,6,201,,
201,60,5,23,25,32,6,17,6,19,14,34,1,2,,
2,17,6,19,14,34,1,2,6,12,9,28,0,0,,
0,2,6,12,9,28,0,17,4,10,9,24,1,6,,
6,17,4,10,9,24,1,23,4,9,9,24,1,4,,
4,23,4,9,9,24,1,18,5,10,9,25,1,5,,
5,18,5,10,9,25,1,27,6,15,8,31,1,1,,
1,27,6,15,8,31,1,32,7,20,8,35,1,7,,
7,32,7,20,8,35,1,28,8,26,13,39,1,2,,
2,28,8,26,13,39,1,42,8,30,26,42,1,7,,
7,42,8,30,26,42,1,63,6,27,29,35,12,361,,
361,63,6,27,29,35,12,60,5,26,29,33,8,142,,
142,60,5,26,29,33,8,39,6,23,25,33,4,89,,
89,39,6,23,25,33,4,20,6,20,15,34,1,15,,
15,20,6,20,15,34,1,8,6,15,10,30,0,0,,
0,8,6,15,10,30,0,12,5,8,9,23,0,0,,
0,12,5,8,9,23,0,18,4,8,8,24,0,0,,
0,18,4,8,8,24,0,18,5,13,10,28,1,3,,
3,18,5,13,10,28,1,22,7,16,8,32,0,0,,
0,22,7,16,8,32,0,22,8,22,9,37,0,0,,
0,22,8,22,9,37,0,23,9,26,13,41,2,37,,
37,23,9,26,13,41,2,48,8,26,22,39,4,70,,
70,48,8,26,22,39,4,58,7,28,31,37,9,187,,
187,58,7,28,31,37,9,63,5,24,28,32,12,365,,
365,63,5,24,28,32,12,36,6,23,25,33,3,40,,
40,36,6,23,25,33,3,13,6,20,15,35,0,1,,
1,13,6,20,15,35,0,19,5,13,9,30,1,40,,
40,19,5,13,9,30,1,10,5,7,9,24,0,0,,
0,10,5,7,9,24,0,16,4,6,8,22,0,0,,
0,16,4,6,8,22,0,6,6,12,9,28,0,0,,
0,6,6,12,9,28,0,37,6,14,8,31,2,21,,
21,37,6,14,8,31,2,25,8,21,8,36,0,0,,
0,25,8,21,8,36,0,24,8,26,13,41,1,3,,
3,24,8,26,13,41,1,43,8,28,23,41,3,47,,
47,43,8,28,23,41,3,65,6,26,29,35,11,278,,
278,65,6,26,29,35,11,66,5,24,28,31,15,505,,
505,66,5,24,28,31,15,43,6,22,23,33,5,147,,
147,43,6,22,23,33,5,13,6,19,14,34,1,10,,
10,13,6,19,14,34,1,13,5,13,9,29,0,2,,
2,13,5,13,9,29,0,32,4,9,9,25,3,29,,
29,32,4,9,9,25,3,31,4,7,8,22,1,16,,
16,31,4,7,8,22,1,19,5,8,8,24,1,3,,
3,19,5,8,8,24,1,27,6,15,8,31,1,6,,
6,27,6,15,8,31,1,20,8,21,9,36,0,0,,
0,20,8,21,9,36,0,23,8,25,13,40,0,1,,
1,23,8,25,13,40,0,45,8,29,24,41,2,16,,
16,45,8,29,24,41,2,63,6,25,29,34,11,285,,
285,63,6,25,29,34,11,62,5,25,28,32,9,172,,
172,62,5,25,28,32,9,33,6,24,25,35,1,28,,
28,33,6,24,25,35,1,14,6,19,14,33,1,14,,
14,14,6,19,14,33,1,4,6,13,9,29,0,0,,
0,4,6,13,9,29,0,14,5,9,9,24,0,0,,
0,14,5,9,9,24,0,17,4,8,8,23,1,6,,
6,17,4,8,8,23,1,14,5,11,9,26,1,7,,
7,14,5,11,9,26,1,22,7,17,9,35,0,1,,
1,22,7,17,9,35,0,23,8,23,9,38,0,0,,
0,23,8,23,9,38,0,30,8,25,12,40,1,18,,
18,30,8,25,12,40,1,43,8,30,25,42,2,12,,
12,43,8,30,25,42,2,63,6,25,29,34,12,298,,
298,63,6,25,29,34,12,63,5,25,29,32,9,197,,
197,63,5,25,29,32,9,44,6,23,25,32,5,99,,
99,44,6,23,25,32,5,15,6,20,15,35,0,0,,
0,15,6,20,15,35,0,11,6,14,10,31,1,9,,
9,11,6,14,10,31,1,11,5,8,8,25,0,0,,
0,11,5,8,8,25,0,24,4,8,8,23,1,17,,
17,24,4,8,8,23,1,23,5,9,8,25,2,22,,
22,23,5,9,8,25,2,34,6,15,8,31,1,8,,
8,34,6,15,8,31,1,22,8,22,9,39,0,1,,
1,22,8,22,9,39,0,29,8,26,13,41,2,29,,
29,29,8,26,13,41,2,50,8,26,22,39,5,85,,
85,50,8,26,22,39,5,61,6,27,29,36,7,121,,
121,61,6,27,29,36,7,64,5,25,28,33,13,421,,
421,64,5,25,28,33,13,46,6,23,24,33,5,143,,
143,46,6,23,24,33,5,20,6,19,14,35,0,0,,
0,20,6,19,14,35,0,3,6,12,9,29,0,0,,
0,3,6,12,9,29,0,11,5,9,9,25,0,0,,
0,11,5,9,9,25,0,21,4,6,8,21,1,9,,
9,21,4,6,8,21,1,12,5,10,8,25,1,10,,
10,12,5,10,8,25,1,26,6,15,8,31,0,0,,
0,26,6,15,8,31,0,25,8,22,9,38,1,3,,
3,25,8,22,9,38,1,31,8,25,12,39,1,14,,
14,31,8,25,12,39,1,57,7,25,21,37,5,124,,
124,57,7,25,21,37,5,67,6,24,27,32,10,262,,
262,67,6,24,27,32,10,65,5,23,28,31,9,196,,
196,65,5,23,28,31,9,43,6,22,24,33,4,93,,
93,43,6,22,24,33,4,27,6,18,14,33,2,17,,
17,27,6,18,14,33,2,9,6,12,9,29,1,2,,
2,9,6,12,9,29,1,12,5,7,9,25,0,0,,
0,12,5,7,9,25,0,18,4,8,8,22,1,2,,
2,18,4,8,8,22,1,19,5,8,7,23,1,11,,
11,19,5,8,7,23,1,27,6,16,8,32,0,0,,
0,27,6,16,8,32,0,26,8,21,8,36,1,1,,
1,26,8,21,8,36,1,23,9,27,14,42,0,2,,
2,23,9,27,14,42,0,39,8,29,24,41,2,31,,
31,39,8,29,24,41,2,60,7,27,31,37,7,85,,
85,60,7,27,31,37,7,62,5,24,28,32,12,336,,
336,62,5,24,28,32,12,35,6,22,24,32,5,80,,
80,35,6,22,24,32,5,15,6,19,14,33,0,1,,
1,15,6,19,14,33,0,8,5,14,9,29,1,3,,
3,8,5,14,9,29,1,16,4,10,9,24,1,3,,
3,16,4,10,9,24,1,23,4,8,9,21,1,8,,
8,23,4,8,9,21,1,18,5,11,9,27,1,10,,
10,18,5,11,9,27,1,27,6,15,8,31,0,0,,
0,27,6,15,8,31,0,20,8,23,10,40,0,0,,
0,20,8,23,10,40,0,26,9,27,14,42,1,9,,
9,26,9,27,14,42,1,51,8,28,24,41,3,27,,
27,51,8,28,24,41,3,66,6,26,29,35,10,229,,
229,66,6,26,29,35,10,65,5,24,28,31,14,458,,
458,65,5,24,28,31,14,48,6,24,25,34,5,128,,
128,48,6,24,25,34,5,22,6,18,14,33,2,24,,
24,22,6,18,14,33,2,4,6,12,9,28,0,0,,
0,4,6,12,9,28,0,19,4,7,8,22,0,0,,
0,19,4,7,8,22,0,18,4,7,8,21,0,0,,
0,18,4,7,8,21,0,15,5,9,8,24,0,0,,
0,15,5,9,8,24,0,25,6,17,9,33,0,0,,
0,25,6,17,9,33,0,23,8,23,9,39,0,1,,
1,23,8,23,9,39,0,27,9,25,13,41,1,22,,
22,27,9,25,13,41,1,44,8,27,23,39,3,27,,
27,44,8,27,23,39,3,60,6,25,29,34,10,171,,
171,60,6,25,29,34,10,62,5,24,28,32,8,99,,
99,62,5,24,28,32,8,34,6,24,25,35,1,16,,
16,34,6,24,25,35,1,23,6,19,14,34,2,39,,
39,23,6,19,14,34,2,5,6,12,9,28,0,0,,
0,5,6,12,9,28,0,16,4,8,8,23,1,3,,
3,16,4,8,8,23,1,26,4,6,7,21,1,2,,
2,26,4,6,7,21,1,19,5,9,8,24,0,0,,
0,19,5,9,8,24,0,27,6,15,8,31,0,1,,
1,27,6,15,8,31,0,22,8,23,9,39,0,0,,
0,22,8,23,9,39,0,26,9,27,14,42,1,2,,
2,26,9,27,14,42,1,46,8,26,22,38,4,69,,
69,46,8,26,22,38,4,63,6,25,29,34,13,391,,
391,63,6,25,29,34,13,65,5,24,28,32,10,233,,
233,65,5,24,28,32,10,50,5,23,23,32,6,200,,
200,50,5,23,23,32,6,29,6,18,14,33,2,26,,
26,29,6,18,14,33,2,5,6,11,9,28,0,0,,
0,5,6,11,9,28,0,10,5,9,9,25,0,0,,
0,10,5,9,9,25,0,25,4,8,9,23,1,3,,
3,25,4,8,9,23,1,22,5,11,8,26,1,8,,
8,22,5,11,8,26,1,35,6,15,8,31,0,1,,
1,35,6,15,8,31,0,25,8,20,8,36,1,2,,
2,25,8,20,8,36,1,28,8,24,13,40,1,6,,
6,28,8,24,13,40,1,49,7,26,22,37,4,90,,
90,49,7,26,22,37,4,63,6,24,29,33,10,206,,
206,63,6,24,29,33,10,65,5,24,27,31,12,305,,
305,65,5,24,27,31,12,43,6,23,24,33,5,137,,
137,43,6,23,24,33,5,12,7,19,14,35,0,0,,
0,12,7,19,14,35,0,16,5,13,10,30,1,9,,
9,16,5,13,10,30,1,13,5,8,9,23,0,0,,
0,13,5,8,9,23,0,22,4,7,8,21,1,20,,
20,22,4,7,8,21,1,16,5,10,8,26,0,0,,
0,16,5,10,8,26,0,19,7,16,8,34,0,0,,
0,19,7,16,8,34,0,29,8,21,9,36,2,18,,
18,29,8,21,9,36,2,32,8,23,12,38,1,9,,
9,32,8,23,12,38,1,44,7,26,22,37,4,50,,
50,44,7,26,22,37,4,69,6,23,26,31,13,413,,
413,69,6,23,26,31,13,64,5,24,28,32,8,178,,
178,64,5,24,28,32,8,48,5,22,23,31,5,160,,
160,48,5,22,23,31,5,17,6,19,14,33,1,16,,
16,17,6,19,14,33,1,17,5,14,10,30,0,1,,
1,17,5,14,10,30,0,18,4,9,9,24,0,0,,
0,18,4,9,9,24,0,21,4,7,8,22,0,1,,
1,21,4,7,8,22,0,24,5,8,8,23,1,12,,
12,24,5,8,8,23,1,35,6,13,7,29,2,15,,
15,35,6,13,7,29,2,25,8,20,9,36,1,6,,
6,25,8,20,9,36,1,25,9,28,15,44,0,0,,
0,25,9,28,15,44,0,50,8,26,22,39,5,101,,
101,50,8,26,22,39,5,69,6,24,27,32,10,269,,
269,69,6,24,27,32,10,66,5,23,27,30,11,219,,
219,66,5,23,27,30,11,44,5,23,24,32,4,116,,
116,44,5,23,24,32,4,14,6,18,14,33,0,0,,
0,14,6,18,14,33,0,15,5,13,10,28,1,10,,
10,15,5,13,10,28,1,16,4,8,9,23,1,7,,
7,16,4,8,9,23,1,28,4,7,9,22,1,4,,
4,28,4,7,9,22,1,25,5,9,8,24,1,38,,
38,25,5,9,8,24,1,33,6,14,7,28,1,2,,
2,33,6,14,7,28,1,21,8,21,8,36,0,0,,
0,21,8,21,8,36,0,25,8,21,11,36,1,21,,
21,25,8,21,11,36,1,39,8,27,23,39,3,39,,
39,39,8,27,23,39,3,63,6,24,28,32,10,255,,
255,63,6,24,28,32,10,59,6,24,28,33,7,147,,
147,59,6,24,28,33,7,32,6,23,26,33,1,8,,
8,32,6,23,26,33,1,16,6,20,15,35,1,10,,
10,16,6,20,15,35,1,24,5,15,10,30,1,4,,
4,24,5,15,10,30,1,21,4,9,9,24,1,4,,
4,21,4,9,9,24,1,24,4,7,8,22,0,0,,
0,24,4,7,8,22,0,17,5,11,9,26,1,3,,
3,17,5,11,9,26,1,35,6,15,8,31,1,11,,
11,35,6,15,8,31,1,23,8,22,9,39,0,0,,
0,23,8,22,9,39,0,27,8,25,13,40,1,4,,
4,27,8,25,13,40,1,49,7,26,22,37,4,64,,
64,49,7,26,22,37,4,69,6,24,28,32,10,241,,
241,69,6,24,28,32,10,61,5,24,28,31,9,221,,
221,61,5,24,28,31,9,39,6,23,25,33,2,22,,
22,39,6,23,25,33,2,19,6,20,15,34,1,6,,
6,19,6,20,15,34,1,13,6,13,9,29,1,3,,
3,13,6,13,9,29,1,19,4,8,9,24,1,12,,
12,19,4,8,9,24,1,26,4,8,8,22,1,6,,
6,26,4,8,8,22,1,17,5,11,8,26,0,0,,
0,17,5,11,8,26,0,30,6,15,8,31,1,14,,
14,30,6,15,8,31,1,21,8,21,9,37,0,0,,
0,21,8,21,9,37,0,28,8,25,13,39,1,23,,
23,28,8,25,13,39,1,46,8,26,24,38,6,173,,
173,46,8,26,24,38,6,65,6,23,26,31,12,304,,
304,65,6,23,26,31,12,63,5,24,28,31,8,155,,
155,63,5,24,28,31,8,41,6,23,25,33,4,85,,
85,41,6,23,25,33,4,16,6,18,14,34,0,0,,
0,16,6,18,14,34,0,13,5,12,9,27,1,41,,
41,13,5,12,9,27,1,16,4,8,9,23,0,0,,
0,16,4,8,9,23,0,24,4,8,8,22,1,18,,
18,24,4,8,8,22,1,20,5,9,8,23,1,3,,
3,20,5,9,8,23,1,30,6,13,7,28,2,13,,
13,30,6,13,7,28,2,25,8,20,8,35,2,25,,
25,25,8,20,8,35,2,29,8,23,11,37,2,42,,
42,29,8,23,11,37,2,46,7,27,23,39,3,22,,
22,46,7,27,23,39,3,63,6,27,30,35,8,184,,
184,63,6,27,30,35,8,64,5,24,29,31,12,355,,
355,64,5,24,29,31,12,40,6,24,25,34,2,15,,
15,40,6,24,25,34,2,19,6,19,14,34,1,9,,
9,19,6,19,14,34,1,10,5,13,9,29,1,48,,
48,10,5,13,9,29,1,17,4,9,9,23,1,10,,
10,17,4,9,9,23,1,22,4,6,8,21,1,10,,
10,22,4,6,8,21,1,19,5,9,8,24,1,4,,
4,19,5,9,8,24,1,30,6,15,7,30,0,0,,
0,30,6,15,7,30,0,27,7,18,7,33,2,33,,
33,27,7,18,7,33,2,28,8,25,12,39,2,34,,
34,28,8,25,12,39,2,49,7,27,24,38,3,58,,
58,49,7,27,24,38,3,63,6,26,29,35,9,153,,
153,63,6,26,29,35,9,62,5,24,28,32,11,288,,
288,62,5,24,28,32,11,43,6,24,25,33,5,99,,
99,43,6,24,25,33,5,21,6,19,13,33,2,24,,
24,21,6,19,13,33,2,10,5,11,8,27,0,0,,
0,10,5,11,8,27,0,17,4,8,9,23,1,2,,
2,17,4,8,9,23,1,22,4,6,8,21,0,0,,
0,22,4,6,8,21,0,19,5,8,7,23,0,0,,
0,19,5,8,7,23,0,26,6,16,9,32,1,4,,
4,26,6,16,9,32,1,25,8,22,9,37,2,35,,
35,25,8,22,9,37,2,26,8,29,15,43,1,2,,
2,26,8,29,15,43,1,47,8,28,23,40,3,50,,
50,47,8,28,23,40,3,65,6,25,29,34,9,163,,
163,65,6,25,29,34,9,61,5,24,28,32,11,264,,
264,61,5,24,28,32,11,43,6,22,24,32,4,113,,
113,43,6,22,24,32,4,18,6,17,13,32,0,0,,
0,18,6,17,13,32,0,10,5,12,9,27,0,0,,
0,10,5,12,9,27,0,17,4,9,9,23,0,0,,
0,17,4,9,9,23,0,23,4,6,8,21,1,2,,
2,23,4,6,8,21,1,13,5,10,9,26,0,0,,
0,13,5,10,9,26,0,28,6,18,9,33,1,4,,
4,28,6,18,9,33,1,23,8,22,9,38,1,17,,
17,23,8,22,9,38,1,28,8,27,14,42,1,17,,
17,28,8,27,14,42,1,48,8,28,24,40,2,27,,
27,48,8,28,24,40,2,63,6,25,29,33,14,437,,
437,63,6,25,29,33,14,65,5,24,28,32,11,288,,
288,65,5,24,28,32,11,43,6,22,25,32,4,97,,
97,43,6,22,25,32,4,19,6,16,12,31,3,44,,
44,19,6,16,12,31,3,11,5,12,9,28,0,0,,
0,11,5,12,9,28,0,16,4,8,9,24,2,14,,
14,16,4,8,9,24,2,21,4,7,8,22,1,6,,
6,21,4,7,8,22,1,15,5,9,8,24,1,14,,
14,15,5,9,8,24,1,27,6,16,8,31,1,4,,
4,27,6,16,8,31,1,25,8,22,9,37,0,0,,
0,25,8,22,9,37,0,26,8,25,12,39,2,33,,
33,26,8,25,12,39,2,44,8,28,23,40,4,64,,
64,44,8,28,23,40,4,65,6,25,28,34,10,195,,
195,65,6,25,28,34,10,63,5,25,28,33,7,107,,
107,63,5,25,28,33,7,40,6,24,25,34,3,42,,
42,40,6,24,25,34,3,17,6,19,14,33,1,18,,
18,17,6,19,14,33,1,12,6,15,10,31,0,0,,
0,12,6,15,10,31,0,15,4,8,8,23,2,11,,
11,15,4,8,8,23,2,21,4,8,8,24,1,16,,
16,21,4,8,8,24,1,17,5,11,9,27,1,5,,
5,17,5,11,9,27,1,29,6,16,8,32,1,3,,
3,29,6,16,8,32,1,25,8,23,9,38,0,0,,
0,25,8,23,9,38,0,28,8,24,12,37,2,49,,
49,28,8,24,12,37,2,44,8,29,25,41,2,19,,
19,44,8,29,25,41,2,65,6,30,34,37,6,81,,
81,65,6,30,34,37,6,63,5,27,31,34,7,127,,
127,63,5,27,31,34,7,41,6,25,27,36,2,39,,
39,41,6,25,27,36,2,19,6,21,15,35,1,1,,
1,19,6,21,15,35,1,7,6,12,10,30,0,0,,
0,7,6,12,10,30,0,18,4,8,9,23,1,6,,
6,18,4,8,9,23,1,23,4,9,9,24,1,7,,
7,23,4,9,9,24,1,17,5,12,9,27,0,1,,
1,17,5,12,9,27,0,30,6,16,8,31,1,10,,
10,30,6,16,8,31,1,23,8,23,9,38,1,10,,
10,23,8,23,9,38,1,27,8,28,15,43,1,2,,
2,27,8,28,15,43,1,48,8,27,23,39,4,69,,
69,48,8,27,23,39,4,67,6,25,29,33,9,226,,
226,67,6,25,29,33,9,65,5,25,28,32,11,280,,
280,65,5,25,28,32,11,43,6,25,26,34,4,83,,
83,43,6,25,26,34,4,19,6,19,14,33,0,0,,
0,19,6,19,14,33,0,10,5,13,9,29,0,0,,
0,10,5,13,9,29,0,17,5,9,9,24,0,0,,
0,17,5,9,9,24,0,25,4,7,8,21,1,13,,
13,25,4,7,8,21,1,20,5,10,8,24,0,0,,
0,20,5,10,8,24,0,30,6,15,8,31,1,8,,
8,30,6,15,8,31,1,23,8,20,8,36,0,0,,
0,23,8,20,8,36,0,28,8,27,14,41,0,0,,
0,28,8,27,14,41,0,48,7,27,22,38,2,5,,
5,48,7,27,22,38,2,62,6,25,29,33,9,186,,
186,62,6,25,29,33,9,63,5,25,29,32,11,288,,
288,63,5,25,29,32,11,41,6,23,25,33,4,80,,
80,41,6,23,25,33,4,20,6,19,14,33,1,1,,
1,20,6,19,14,33,1,13,5,13,9,29,1,9,,
9,13,5,13,9,29,1,18,4,8,9,23,1,2,,
2,18,4,8,9,23,1,22,4,9,9,24,0,0,,
0,22,4,9,9,24,0,19,5,10,8,25,1,26,,
26,19,5,10,8,25,1,29,6,14,7,30,0,0,,
0,29,6,14,7,30,0,26,8,22,8,37,0,0,,
0,26,8,22,8,37,0,30,8,26,13,40,1,21,,
21,30,8,26,13,40,1,49,7,28,23,39,4,77,,
77,49,7,28,23,39,4,67,6,25,29,33,10,202,,
202,67,6,25,29,33,10,65,5,25,29,32,12,335,,
335,65,5,25,29,32,12,46,6,23,25,32,6,226,,
226,46,6,23,25,32,6,21,6,19,14,33,0,0,,
0,21,6,19,14,33,0,10,5,13,9,29,0,0,,
0,10,5,13,9,29,0,18,4,9,9,24,2,12,,
12,18,4,9,9,24,2,22,4,7,8,22,0,0,,
0,22,4,7,8,22,0,18,5,11,9,26,1,12,,
12,18,5,11,9,26,1,29,6,16,8,31,1,1,,
1,29,6,16,8,31,1,24,8,20,8,36,1,1,,
1,24,8,20,8,36,1,27,8,26,13,41,2,28,,
28,27,8,26,13,41,2,46,8,28,24,40,3,42,,
42,46,8,28,24,40,3,64,6,28,31,36,7,129,,
129,64,6,28,31,36,7,63,5,25,28,32,11,338,,
338,63,5,25,28,32,11,43,6,24,25,34,3,77,,
77,43,6,24,25,34,3,18,6,18,14,33,0,0,,
0,18,6,18,14,33,0,11,5,12,9,28,1,16,,
16,11,5,12,9,28,1,16,4,8,9,23,2,23,,
23,16,4,8,9,23,2,22,4,7,8,22,1,11,,
11,22,4,7,8,22,1,18,5,9,8,24,1,11,,
11,18,5,9,8,24,1,29,6,15,8,31,1,4,,
4,29,6,15,8,31,1,24,8,21,8,37,1,3,,
3,24,8,21,8,37,1,27,8,26,13,40,1,16,,
16,27,8,26,13,40,1,46,8,29,26,41,1,12,,
12,46,8,29,26,41,1,64,6,26,29,35,6,92,,
92,64,6,26,29,35,6,63,5,25,28,32,10,198,,
198,63,5,25,28,32,10,43,6,22,24,32,5,116,,
116,43,6,22,24,32,5,18,6,19,14,33,1,21,,
21,18,6,19,14,33,1,11,5,13,9,28,1,36,,
36,11,5,13,9,28,1,16,4,9,9,24,0,0,,
0,16,4,9,9,24,0,22,4,8,8,23,1,4,,
4,22,4,8,8,23,1,18,5,11,9,26,1,2,,
2,18,5,11,9,26,1,29,6,14,7,30,1,6,,
6,29,6,14,7,30,1,24,8,21,8,37,1,3,,
3,24,8,21,8,37,1,27,8,27,14,42,1,14,,
14,27,8,27,14,42,1,46,8,28,23,40,5,103,,
103,46,8,28,23,40,5,64,6,26,29,34,13,317,,
317,64,6,26,29,34,13,63,5,26,30,34,8,175,,
175,63,5,26,30,34,8,43,6,22,24,32,6,180,,
180,43,6,22,24,32,6,18,6,19,14,34,1,4,,
4,18,6,19,14,34,1,11,6,14,9,30,0,0,,
0,11,6,14,9,30,0,16,4,9,9,24,0,0,,
0,16,4,9,9,24,0,22,4,10,9,24,1,22,,
22,22,4,10,9,24,1,18,5,10,8,25,1,10,,
10,18,5,10,8,25,1,29,6,17,9,33,1,6,,
6,29,6,17,9,33,1,24,8,20,8,35,1,6,,
6,24,8,20,8,35,1,27,8,27,14,41,1,15,,
15,27,8,27,14,41,1,46,8,28,24,40,4,60,,
60,46,8,28,24,40,4,64,6,25,27,33,15,557,,
557,64,6,25,27,33,15,63,5,24,28,32,11,282,,
282,63,5,24,28,32,11,43,6,23,24,33,3,34,,
34,43,6,23,24,33,3,18,6,19,14,33,0,0,,
0,18,6,19,14,33,0,11,5,13,9,29,0,0,,
0,11,5,13,9,29,0,16,5,9,9,24,0,0,,
0,16,5,9,9,24,0,22,4,6,8,21,2,22,,
22,22,4,6,8,21,2,18,5,10,8,25,0,1,,
1,18,5,10,8,25,0,29,6,14,8,30,1,9,,
9,29,6,14,8,30,1,24,8,21,9,37,1,9,,
9,24,8,21,9,37,1,27,8,27,14,41,0,0,,
0,27,8,27,14,41,0,46,8,29,26,41,2,26,,
26,46,8,29,26,41,2,64,6,26,29,35,10,245,,
245,64,6,26,29,35,10,63,5,24,28,32,11,302,,
302,63,5,24,28,32,11,43,6,24,25,34,4,93,,
93,43,6,24,25,34,4,22,6,20,14,34,1,5,,
5,22,6,20,14,34,1,12,5,13,9,29,0,0,,
0,12,5,13,9,29,0,21,4,9,9,24,0,0,,
0,21,4,9,9,24,0,8,4,7,8,22,1,4,,
4,8,4,7,8,22,1,17,5,10,8,25,1,7,,
7,17,5,10,8,25,1,30,6,17,8,32,1,4,,
4,30,6,17,8,32,1,19,8,21,9,37,1,4,,
4,19,8,21,9,37,1,35,8,26,13,40,2,27,,
27,35,8,26,13,40,2,49,8,26,22,38,6,130,,
130,49,8,26,22,38,6,63,6,26,29,34,10,195,,
195,63,6,26,29,34,10,70,5,24,28,31,13,374,,
374,70,5,24,28,31,13,40,6,23,25,33,6,199,,
199,40,6,23,25,33,6,21,6,19,14,33,1,11,,
11,21,6,19,14,33,1,6,6,12,9,28,0,0,,
0,6,6,12,9,28,0,12,4,7,8,23,0,0,,
0,12,4,7,8,23,0,19,4,7,8,21,1,4,,
4,19,4,7,8,21,1,17,5,10,8,25,0,0,,
0,17,5,10,8,25,0,41,6,15,8,31,1,2,,
2,41,6,15,8,31,1,23,8,19,8,35,1,4,,
4,23,8,19,8,35,1,29,8,24,12,38,2,28,,
28,29,8,24,12,38,2,38,8,26,22,38,4,95,,
95,38,8,26,22,38,4,54,6,26,29,34,7,116,,
116,54,6,26,29,34,7,52,5,25,28,32,11,228,,
228,52,5,25,28,32,11,43,6,23,25,33,5,128,,
128,43,6,23,25,33,5,27,6,17,12,32,2,29,,
29,27,6,17,12,32,2,18,5,12,9,28,1,39,,
39,18,5,12,9,28,1,37,4,6,8,22,2,12,,
12,37,4,6,8,22,2,20,4,7,8,22,0,0,,
0,20,4,7,8,22,0,19,5,10,8,25,1,16,,
16,19,5,10,8,25,1,26,6,14,7,29,1,9,,
9,26,6,14,7,29,1,26,8,22,9,37,1,17,,
17,26,8,22,9,37,1,28,8,27,14,42,1,5,,
5,28,8,27,14,42,1,44,8,28,24,39,4,95,,
95,44,8,28,24,39,4,63,6,26,29,34,8,131,,
131,63,6,26,29,34,8,68,5,25,29,33,10,227,,
227,68,5,25,29,33,10,46,6,24,25,34,4,99,,
99,46,6,24,25,34,4,27,6,19,14,34,2,28,,
28,27,6,19,14,34,2,11,6,14,10,29,0,4,,
4,11,6,14,10,29,0,21,4,9,9,24,0,0,,
0,21,4,9,9,24,0,27,4,7,8,22,1,11,,
11,27,4,7,8,22,1,23,5,11,8,26,1,11,,
11,23,5,11,8,26,1,18,7,16,8,32,0,0,,
0,18,7,16,8,32,0,15,8,23,10,39,0,0,,
0,15,8,23,10,39,0,35,8,26,13,41,1,4,,
4,35,8,26,13,41,1,39,8,27,23,39,5,130,,
130,39,8,27,23,39,5,68,6,26,29,35,9,184,,
184,68,6,26,29,35,9,49,6,26,30,33,11,264,,
264,49,6,26,30,33,11,54,5,23,25,33,5,147,,
147,54,5,23,25,33,5,21,6,19,14,34,2,32,,
32,21,6,19,14,34,2,9,6,14,10,30,0,0,,
0,9,6,14,10,30,0,11,5,9,9,24,0,0,,
0,11,5,9,9,24,0,21,4,8,9,23,1,6,,
6,21,4,8,9,23,1,20,5,9,8,24,1,8,,
8,20,5,9,8,24,1,26,6,15,8,31,1,3,,
3,26,6,15,8,31,1,30,8,23,10,39,1,2,,
2,30,8,23,10,39,1,28,8,27,13,41,1,17,,
17,28,8,27,13,41,1,54,8,26,22,38,2,19,,
19,54,8,26,22,38,2,72,6,25,29,33,12,312,,
312,72,6,25,29,33,12,58,5,25,30,33,8,128,,
128,58,5,25,30,33,8,38,6,24,25,34,2,37,,
37,38,6,24,25,34,2,23,6,20,14,34,0,0,,
0,23,6,20,14,34,0,17,5,15,10,30,1,2,,
2,17,5,15,10,30,1,3,5,9,10,25,0,1,,
